{
    "id": 1,
    "Departments": [
        {
            "name": "Разработка",
            "listOfEmployees": [
                {
                    "FullName": "Игорев Игорь Игоревич",
                    "YearOfBirth": "1999",
                    "Position": "тимлид",
                    "HireDate": "11.12.2020",
                    "Employment": "2",
                    "PhoneNumber":"1234567889",
                    "Email": "aa@aa.com",
                    "PassportNumber":"12341456",
                    "Inn": "111111111",
                    "Salary":"40900",
                    "Commission": "0"

                },
                {
                    "FullName": "Юлиева Юлия Юлиевна",
                    "YearOfBirth": "1999",
                    "Position": "стажер",
                    "HireDate": "11.12.2022",
                    "Employment": "1",
                    "PhoneNumber":"1245667889",
                    "Email": "bb@aa.com",
                    "PassportNumber":"12113456",
                    "Inn": "111665111",
                    "Salary":"4000",
                    "Commission": "0"
                }

            ]
        },
        {
            "name": "бухгалтерия",
            "listOfEmployees": [
                {
                    "FullName": "Дарьева Дарья Ивановна",
                    "YearOfBirth": "1998",
                    "Position": "главный бухгалтер",
                    "HireDate": "11.12.2015",
                    "Employment": "1",
                    "PhoneNumber":"333333889",
                    "Email": "ab@ss.com",
                    "PassportNumber":"12199996",
                    "Inn": "11144444",
                    "Salary":"40500",
                    "Commission": "0"
                }

            ]
        }
    ]
}